﻿[
	{
		"Name": "Avneesh-Kumar Torul FP11657",
		"Pole": "Asset",
		"Availability": "Absent"
	},
	{
		"Name": "Marie-Carol-Virginie Bongout FP11877",
		"Pole": "Asset",
		"Availability": "Absent"
	},
	{
		"Name": "Aswan Boyjoo FP18010",
		"Pole": "Mes",
		"Availability": "Present"
	},
	{
		"Name": "Manisha Kora-Ramiah FP11586",
		"Pole": "Mes",
		"Availability": "Present"
	},
	{
		"Name": "Sephali Ramdoss FP11477",
		"Pole": "Mes",
		"Availability": "Present"
	},
	{
		"Name": "Sunthbocus Ridwan FP11558",
		"Pole": "Mes",
		"Availability": "Absent"
	},
	{
		"Name": "Avneesh-Kumar Torul FP11657",
		"Pole": "MyPlan",
		"Availability": "Absent"
	},
	{
		"Name": "Marie-Carol-Virginie Bongout FP11877",
		"Pole": "MyPlan",
		"Availability": "Absent"
	},
	{
		"Name": "Ashwina Sujeeun FP11818",
		"Pole": "Qual",
		"Availability": "Present"
	},
	{
		"Name": "Sephali Ramdoss FP11477",
		"Pole": "Qual",
		"Availability": "Present"
	},
	{
		"Name": "Sharvind Bulleeram FP11699",
		"Pole": "Qual",
		"Availability": "Present"
	},
	{
		"Name": "Sunthbocus Ridwan FP11558",
		"Pole": "Qual",
		"Availability": "Absent"
	},
	{
		"Name": "Aswan Boyjoo FP18010",
		"Pole": "Z",
		"Availability": "Present"
	},
	{
		"Name": "Suryadev Sunathree FP11871",
		"Pole": "Z",
		"Availability": "Present"
	}
]